Date,pca
1881-01-01,-453.02166543958765
1881-02-01,-454.6035224227511
1881-03-01,-453.22760000820136
1881-04-01,-454.7866064129942
1881-05-01,-448.116635564038
1881-06-01,-446.5458141943551
1881-07-01,-452.2610873547782
1881-08-01,-457.4399640974716
1881-09-01,-460.77379553469416
1881-10-01,-463.6222664580398
1881-11-01,-461.881571117119
1881-12-01,-465.2023744838244
1882-01-01,-466.8626332607572
1882-02-01,-470.20789797783607
1882-03-01,-470.3890649716808
1882-04-01,-471.3181356800838
1882-05-01,-473.4871720207012
1882-06-01,-474.8995132026689
1882-07-01,-468.28035470282026
1882-08-01,-466.0132222634099
1882-09-01,-461.9964239151256
1882-10-01,-464.10728375221026
1882-11-01,-467.9269020383638
1882-12-01,-466.37972530723675
1883-01-01,-466.9514636256506
1883-02-01,-470.35566122867704
1883-03-01,-468.0808053430432
1883-04-01,-464.80947621230183
1883-05-01,-465.6872785372532
1883-06-01,-461.5335627167103
1883-07-01,-461.0924947388289
1883-08-01,-466.31122508392855
1883-09-01,-464.0059056472544
1883-10-01,-467.0457662974317
1883-11-01,-464.3228307067352
1883-12-01,-467.85789676184095
1884-01-01,-471.11175252585156
1884-02-01,-468.2826289090689
1884-03-01,-468.69336733397824
1884-04-01,-471.48324453291923
1884-05-01,-477.9750899620684
1884-06-01,-481.9873841555167
1884-07-01,-481.0156330428712
1884-08-01,-475.04749410930043
1884-09-01,-477.21436449703805
1884-10-01,-479.43256333356885
1884-11-01,-479.322048568534
1884-12-01,-478.4794432065384
1885-01-01,-480.7360107883619
1885-02-01,-478.89151843730184
1885-03-01,-476.4906684494938
1885-04-01,-477.82776659019976
1885-05-01,-476.7480808004087
1885-06-01,-474.90265236593007
1885-07-01,-472.3506156798828
1885-08-01,-466.53849989320435
1885-09-01,-466.6751084381588
1885-10-01,-460.32155840415044
1885-11-01,-454.21175943725086
1885-12-01,-457.87116883056143
1886-01-01,-455.14322043631773
1886-02-01,-452.8080511405445
1886-03-01,-453.9605815842581
1886-04-01,-454.18238113019675
1886-05-01,-453.66222882234644
1886-06-01,-446.46953234307875
1886-07-01,-446.0819633719883
1886-08-01,-446.6748674266867
1886-09-01,-443.2926735934095
1886-10-01,-439.9109440332255
1886-11-01,-436.5284866470001
1886-12-01,-441.7498921324823
1887-01-01,-446.2483123078058
1887-02-01,-448.6464397082465
1887-03-01,-445.6485043089282
1887-04-01,-442.6580194049802
1887-05-01,-440.35296722359703
1887-06-01,-442.7410394862025
1887-07-01,-444.47808583062397
1887-08-01,-449.252392630553
1887-09-01,-449.42362636472296
1887-10-01,-455.0711039384155
1887-11-01,-454.14243617168813
1887-12-01,-457.5283390663947
1888-01-01,-457.9542613865045
1888-02-01,-457.3216010419553
1888-03-01,-461.8331153470933
1888-04-01,-460.09715984914055
1888-05-01,-457.17719751483673
1888-06-01,-459.54080509887575
1888-07-01,-457.8868098952577
1888-08-01,-455.36207143423366
1888-09-01,-452.3754946751221
1888-10-01,-454.4599515426305
1888-11-01,-458.2973585569469
1888-12-01,-460.5569927216839
1889-01-01,-454.23322011718375
1889-02-01,-451.3953018101957
1889-03-01,-452.5351781312667
1889-04-01,-452.7706650210987
1889-05-01,-446.36179194335085
1889-06-01,-444.16447523799695
1889-07-01,-446.846586222426
1889-08-01,-445.1326262714461
1889-09-01,-443.561366146968
1889-10-01,-445.9761879179739
1889-11-01,-447.1782056106458
1889-12-01,-449.4116233916975
1890-01-01,-444.87565719269026
1890-02-01,-446.34174580672976
1890-03-01,-447.324267361201
1890-04-01,-444.639758653076
1890-05-01,-440.66161109350935
1890-06-01,-441.6298682880714
1890-07-01,-442.597392778903
1890-08-01,-450.24363371128425
1890-09-01,-453.7490696789933
1890-10-01,-459.27808410570674
1890-11-01,-465.26632089002095
1890-12-01,-467.85806880892045
1891-01-01,-460.8552858541056
1891-02-01,-460.7832520746149
1891-03-01,-464.20574080458545
1891-04-01,-461.795551981867
1891-05-01,-460.93500479573794
1891-06-01,-460.59530451447824
1891-07-01,-461.1409676699651
1891-08-01,-457.27546651988195
1891-09-01,-446.06315368770447
1891-10-01,-446.05899722294464
1891-11-01,-446.43799357479327
1891-12-01,-442.47830158641113
1892-01-01,-436.57174661234853
1892-02-01,-436.31605925837147
1892-03-01,-431.1297712026194
1892-04-01,-429.48123581893117
1892-05-01,-429.4781951320995
1892-06-01,-430.26925263587486
1892-07-01,-433.99875897586236
1892-08-01,-433.7643845602601
1892-09-01,-437.30599977502476
1892-10-01,-434.51649026986274
1892-11-01,-438.4903623422824
1892-12-01,-441.6277216407415
1893-01-01,-443.99417037260264
1893-02-01,-447.85605056369536
1893-03-01,-449.5991291815144
1893-04-01,-448.09308698869836
1893-05-01,-458.02791973937985
1893-06-01,-460.85421671720627
1893-07-01,-468.95006750242607
1893-08-01,-467.34523275340894
1893-09-01,-464.09623646899666
1893-10-01,-462.21938237604945
1893-11-01,-457.460062200138
1893-12-01,-460.1274162520963
1894-01-01,-459.4326652503731
1894-02-01,-456.19533418612707
1894-03-01,-449.15468222376614
1894-04-01,-447.4755040186228
1894-05-01,-452.2802039310917
1894-06-01,-453.9803655925731
1894-07-01,-456.52485792338643
1894-08-01,-455.4347016808112
1894-09-01,-455.19058457791994
1894-10-01,-455.7247449017543
1894-11-01,-455.7355837651521
1894-12-01,-455.17023116593515
1895-01-01,-456.56989033109005
1895-02-01,-458.2583658250445
1895-03-01,-458.2502147244708
1895-04-01,-458.1639306590449
1895-05-01,-453.32375841531393
1895-06-01,-452.5565645545833
1895-07-01,-450.3703656982165
1895-08-01,-446.76969691432816
1895-09-01,-445.95313336773467
1895-10-01,-447.83741107272436
1895-11-01,-452.1541732795243
1895-12-01,-457.85047698064534
1896-01-01,-457.59654473197713
1896-02-01,-450.8511456706236
1896-03-01,-452.83355695661555
1896-04-01,-449.92224146649426
1896-05-01,-448.6719553093668
1896-06-01,-449.14576249224393
1896-07-01,-457.39522963096323
1896-08-01,-464.17252129103576
1896-09-01,-458.2848460698153
1896-10-01,-459.10173403708797
1896-11-01,-454.5832347645463
1896-12-01,-459.0341298004572
1897-01-01,-455.6632951847453
1897-02-01,-456.80146935287195
1897-03-01,-456.50312512875405
1897-04-01,-458.52336025729954
1897-05-01,-456.18890868242545
1897-06-01,-450.5831964784267
1897-07-01,-444.977484274428
1897-08-01,-442.35979517388034
1897-09-01,-439.71454619217354
1897-10-01,-442.2546055948342
1897-11-01,-446.97386112715236
1897-12-01,-444.1849237966551
1898-01-01,-440.56370934902196
1898-02-01,-442.6958302218736
1898-03-01,-448.7274535700116
1898-04-01,-450.91780250655233
1898-05-01,-451.2363465842719
1898-06-01,-437.4667806516544
1898-07-01,-434.97928317056085
1898-08-01,-429.69017599565666
1898-09-01,-429.96790261524666
1898-10-01,-433.0177038652239
1898-11-01,-428.2918752687634
1898-12-01,-421.2643935576332
1899-01-01,-409.4634237747078
1899-02-01,-407.7648397297944
1899-03-01,-405.3496125903191
1899-04-01,-405.4772748019972
1899-05-01,-412.576676631333
1899-06-01,-418.32692625874347
1899-07-01,-414.9462093508259
1899-08-01,-412.9221204375924
1899-09-01,-420.56623207562956
1899-10-01,-423.1401927087074
1899-11-01,-422.08461107767187
1899-12-01,-434.23595754051223
1900-01-01,-432.3502254640796
1900-02-01,-431.4472534491844
1900-03-01,-430.27609730982545
1900-04-01,-428.41213487954485
1900-05-01,-432.07512428517396
1900-06-01,-434.68455298278656
1900-07-01,-436.3583608844912
1900-08-01,-432.7535829704831
1900-09-01,-437.78340845452016
1900-10-01,-431.06081369115634
1900-11-01,-419.72030863334555
1900-12-01,-408.3065649578832
1901-01-01,-405.4912658169246
1901-02-01,-399.02186389020676
1901-03-01,-392.6761632098784
1901-04-01,-374.85142425557825
1901-05-01,-384.9835599704712
1901-06-01,-365.94949229179497
1901-07-01,-382.42131684054175
1901-08-01,-382.0826012328756
1901-09-01,-385.33125524418006
1901-10-01,-387.47268830368887
1901-11-01,-385.67598388303685
1901-12-01,-390.8942789960955
1902-01-01,-384.71874661993627
1902-02-01,-383.06324345885366
1902-03-01,-382.814847379389
1902-04-01,-378.5211839883119
1902-05-01,-381.2191705310354
1902-06-01,-384.5460907199482
1902-07-01,-380.2134021398043
1902-08-01,-372.67404104311015
1902-09-01,-374.5005248984219
1902-10-01,-393.193054317103
1902-11-01,-394.4908937444542
1902-12-01,-400.5669578059518
1903-01-01,-393.61279149957437
1903-02-01,-394.6952942314483
1903-03-01,-396.06852708179287
1903-04-01,-403.4215941191996
1903-05-01,-402.9563075687528
1903-06-01,-412.5179817803212
1903-07-01,-420.0374880754002
1903-08-01,-425.05328529979454
1903-09-01,-430.3363635623331
1903-10-01,-433.4819830247016
1903-11-01,-431.40984971939054
1903-12-01,-424.74295509631656
1904-01-01,-425.6443121803534
1904-02-01,-432.880626645927
1904-03-01,-431.7518269078121
1904-04-01,-426.5528350494657
1904-05-01,-426.375232020539
1904-06-01,-426.14918855447945
1904-07-01,-419.94071597154664
1904-08-01,-416.4691347022784
1904-09-01,-411.27893684839614
1904-10-01,-401.6074496108705
1904-11-01,-396.1595559798231
1904-12-01,-394.40321164600607
1905-01-01,-390.4287163280352
1905-02-01,-382.27710198521834
1905-03-01,-374.5710635412247
1905-04-01,-377.00376746473006
1905-05-01,-384.67238370808883
1905-06-01,-382.4145593938707
1905-07-01,-376.32607354083996
1905-08-01,-371.16404967326196
1905-09-01,-368.19625262121883
1905-10-01,-365.26059690821774
1905-11-01,-368.6781311039364
1905-12-01,-365.85368591599797
1906-01-01,-358.58778454288654
1906-02-01,-360.11684549924075
1906-03-01,-365.39061740204403
1906-04-01,-368.2472007222077
1906-05-01,-375.9195561087175
1906-06-01,-373.2932603749704
1906-07-01,-371.9245129289184
1906-08-01,-361.6147347894372
1906-09-01,-357.38375375561935
1906-10-01,-368.3642093169345
1906-11-01,-366.29636604488246
1906-12-01,-370.32543219498245
1907-01-01,-374.10164225869914
1907-02-01,-384.40856015419223
1907-03-01,-401.44468602608924
1907-04-01,-400.61418614218667
1907-05-01,-410.0819664515388
1907-06-01,-417.0001813740343
1907-07-01,-410.932765993585
1907-08-01,-423.28829507084083
1907-09-01,-424.9174027686043
1907-10-01,-442.64774942679685
1907-11-01,-445.3264598322611
1907-12-01,-435.77201483290503
1908-01-01,-428.2602556186279
1908-02-01,-432.12533843199844
1908-03-01,-426.2531613147662
1908-04-01,-419.8846033470812
1908-05-01,-411.49449878452737
1908-06-01,-411.28515472880474
1908-07-01,-407.0527713280953
1908-08-01,-399.8166955225224
1908-09-01,-401.7429131675003
1908-10-01,-401.4478607663085
1908-11-01,-391.55913505903334
1908-12-01,-389.3090951342484
1909-01-01,-386.7558095954514
1909-02-01,-394.0358140094026
1909-03-01,-391.5407696370577
1909-04-01,-387.0945793473253
1909-05-01,-382.7267671316447
1909-06-01,-381.2221583656378
1909-07-01,-378.4321875089506
1909-08-01,-375.60162298871194
1909-09-01,-377.3070282292292
1909-10-01,-380.240406006267
1909-11-01,-382.98425902945496
1909-12-01,-382.49071089819563
1910-01-01,-384.8700084829429
1910-02-01,-391.68680675938947
1910-03-01,-390.56601974460716
1910-04-01,-396.6554755318008
1910-05-01,-396.3807519654209
1910-06-01,-403.42664002377114
1910-07-01,-412.14005267704107
1910-08-01,-406.5944917449317
1910-09-01,-403.8471653480605
1910-10-01,-390.68795768544055
1910-11-01,-387.2081914205105
1910-12-01,-392.4752360716648
1911-01-01,-388.034683420217
1911-02-01,-378.9198027675385
1911-03-01,-383.20251253940944
1911-04-01,-378.00417069754366
1911-05-01,-373.7510120848658
1911-06-01,-369.70706892101566
1911-07-01,-372.7060848782975
1911-08-01,-388.2597687355202
1911-09-01,-400.25860364073753
1911-10-01,-399.25880994069587
1911-11-01,-390.337692875008
1911-12-01,-387.63347303493697
1912-01-01,-389.31538780437324
1912-02-01,-392.7778424124625
1912-03-01,-391.17857423292594
1912-04-01,-390.8140005110355
1912-05-01,-391.0010130176363
1912-06-01,-389.23229562557685
1912-07-01,-389.03025046041824
1912-08-01,-386.54339157847903
1912-09-01,-387.3446364594938
1912-10-01,-387.71929625856876
1912-11-01,-389.8179224615948
1912-12-01,-394.80765708590286
1913-01-01,-398.029591828056
1913-02-01,-404.3373496445578
1913-03-01,-407.5946954094581
1913-04-01,-407.7865611944817
1913-05-01,-410.7545582343638
1913-06-01,-420.59702789872364
1913-07-01,-420.0321218146473
1913-08-01,-415.8754545478422
1913-09-01,-415.9160494468066
1913-10-01,-420.98340094203786
1913-11-01,-426.3529792637025
1913-12-01,-425.1100825845042
1914-01-01,-418.93786576974037
1914-02-01,-415.3401669390728
1914-03-01,-418.3777914535342
1914-04-01,-420.65790115506536
1914-05-01,-421.22878558170964
1914-06-01,-421.9943672173615
1914-07-01,-431.9179722223468
1914-08-01,-434.6357882644144
1914-09-01,-434.64419092805576
1914-10-01,-433.31194341005596
1914-11-01,-434.6603779719122
1914-12-01,-439.4512584088062
1915-01-01,-437.01251301790006
1915-02-01,-437.5312689928488
1915-03-01,-432.56874602602613
1915-04-01,-423.2417577034132
1915-05-01,-428.202129995994
1915-06-01,-426.50599078882294
1915-07-01,-427.0383911928194
1915-08-01,-420.705412153305
1915-09-01,-414.927720331277
1915-10-01,-407.6007979756499
1915-11-01,-403.31737568391327
1915-12-01,-402.92716501181997
1916-01-01,-407.1917335773614
1916-02-01,-409.49288247479734
1916-03-01,-411.50861539153107
1916-04-01,-414.7275744443575
1916-05-01,-412.61258025281825
1916-06-01,-412.45881323392905
1916-07-01,-414.67545676089355
1916-08-01,-414.84763742687267
1916-09-01,-411.1436897447321
1916-10-01,-408.890937715607
1916-11-01,-407.85719228669166
1916-12-01,-415.86175832264826
1917-01-01,-420.88732698512774
1917-02-01,-433.0832775302953
1917-03-01,-428.6893938015038
1917-04-01,-437.4700589369915
1917-05-01,-444.11418545909237
1917-06-01,-443.4197519759298
1917-07-01,-445.1662316101051
1917-08-01,-450.87175125280976
1917-09-01,-459.39318522030294
1917-10-01,-467.2145042840178
1917-11-01,-476.2256908796338
1917-12-01,-480.92515830494455
1918-01-01,-477.28298554368257
1918-02-01,-474.9908250967044
1918-03-01,-476.36928639437997
1918-04-01,-478.63712973897276
1918-05-01,-477.51422160514346
1918-06-01,-478.64795856414236
1918-07-01,-480.30897349449947
1918-08-01,-481.19289980881246
1918-09-01,-483.3795617243015
1918-10-01,-481.1716064248153
1918-11-01,-480.44660954441656
1918-12-01,-483.3904463086024
1919-01-01,-483.976953468861
1919-02-01,-482.0540627941313
1919-03-01,-480.3061827138962
1919-04-01,-478.79146608453107
1919-05-01,-473.26949379276874
1919-06-01,-470.54272239833887
1919-07-01,-470.02101181141984
1919-08-01,-478.6447397255283
1919-09-01,-477.635034764549
1919-10-01,-474.2252935679465
1919-11-01,-479.1699487887736
1919-12-01,-483.81153967106417
1920-01-01,-486.4595630965391
1920-02-01,-494.5521169707933
1920-03-01,-489.69432722159223
1920-04-01,-492.6751854475787
1920-05-01,-498.87395018689097
1920-06-01,-501.178627239602
1920-07-01,-500.95107293406636
1920-08-01,-502.2725559137792
1920-09-01,-498.6591099841788
1920-10-01,-498.2156865828439
1920-11-01,-501.78891169873873
1920-12-01,-507.10732864058946
1921-01-01,-502.76369391583023
1921-02-01,-501.1458334675229
1921-03-01,-502.68938627713
1921-04-01,-501.65379934151895
1921-05-01,-497.8577281919221
1921-06-01,-503.70861002115186
1921-07-01,-504.32005052117285
1921-08-01,-505.2106324993458
1921-09-01,-502.72891907038075
1921-10-01,-501.76182237191506
1921-11-01,-497.4093363428158
1921-12-01,-494.2302612076512
1922-01-01,-492.55372508343055
1922-02-01,-490.722223592549
1922-03-01,-486.5474138716666
1922-04-01,-481.1288625045166
1922-05-01,-477.43155464296296
1922-06-01,-478.3369967427693
1922-07-01,-478.1713543025123
1922-08-01,-473.36779817501184
1922-09-01,-470.6860470872345
1922-10-01,-468.95788075020204
1922-11-01,-474.78471584944026
1922-12-01,-475.54892197851836
1923-01-01,-473.6190122301352
1923-02-01,-469.2638889484024
1923-03-01,-467.53062968196997
1923-04-01,-471.8647949259106
1923-05-01,-476.7438974743942
1923-06-01,-480.999213343664
1923-07-01,-485.14126390870524
1923-08-01,-484.1909922525062
1923-09-01,-484.1101148445522
1923-10-01,-485.9235959666506
1923-11-01,-483.2404358828437
1923-12-01,-480.1180195253975
1924-01-01,-477.0008844174399
1924-02-01,-476.0274139020251
1924-03-01,-477.4011517356444
1924-04-01,-479.12866155211105
1924-05-01,-479.4686824063342
1924-06-01,-477.66288208385174
1924-07-01,-473.6988157203363
1924-08-01,-469.64224727363757
1924-09-01,-471.2315942905307
1924-10-01,-473.13033175162144
1924-11-01,-467.4351679152313
1924-12-01,-462.2326284489552
1925-01-01,-457.5454890691823
1925-02-01,-455.8875389173607
1925-03-01,-459.6303048382656
1925-04-01,-460.22610430766105
1925-05-01,-457.1636198279962
1925-06-01,-456.31518964063
1925-07-01,-454.27844322975665
1925-08-01,-452.6391350665606
1925-09-01,-449.79600373341293
1925-10-01,-445.6419732276685
1925-11-01,-443.6688414168788
1925-12-01,-440.8218352218484
1926-01-01,-438.77585533050143
1926-02-01,-438.55888755514
1926-03-01,-447.15906295299476
1926-04-01,-451.3751715303902
1926-05-01,-449.8647509542551
1926-06-01,-443.21976191096155
1926-07-01,-436.20274437387263
1926-08-01,-429.93105642240585
1926-09-01,-428.50120002176163
1926-10-01,-432.558635283304
1926-11-01,-431.4525693246794
1926-12-01,-428.18879398166564
1927-01-01,-427.62076896014
1927-02-01,-423.953536568693
1927-03-01,-420.8112303747022
1927-04-01,-417.032972047839
1927-05-01,-412.46032188194573
1927-06-01,-412.10577034215817
1927-07-01,-405.8070214423457
1927-08-01,-395.83661093301737
1927-09-01,-386.68259449837103
1927-10-01,-390.57351695554866
1927-11-01,-385.35683553761385
1927-12-01,-380.90873317303436
1928-01-01,-380.11887863782954
1928-02-01,-380.3413777295103
1928-03-01,-369.87064913429833
1928-04-01,-356.9291856215666
1928-05-01,-351.3920348454361
1928-06-01,-361.17734561317786
1928-07-01,-359.59526800725655
1928-08-01,-352.6116152492583
1928-09-01,-339.54734428113744
1928-10-01,-333.4429778699163
1928-11-01,-317.10995999701845
1928-12-01,-314.6713583689926
1929-01-01,-295.43638492219077
1929-02-01,-293.96429821260926
1929-03-01,-287.4346231997103
1929-04-01,-287.53182648906596
1929-05-01,-284.81486096764417
1929-06-01,-280.88068247668883
1929-07-01,-258.14196005498013
1929-08-01,-240.11851322157327
1929-09-01,-226.7629216183165
1929-10-01,-263.5662798734115
1929-11-01,-345.9699383046585
1929-12-01,-335.545101876836
1930-01-01,-330.77269280407734
1930-02-01,-314.07991745079624
1930-03-01,-302.7667094406258
1930-04-01,-287.1048258874074
1930-05-01,-302.81821162349746
1930-06-01,-328.99042847075873
1930-07-01,-331.5583966940605
1930-08-01,-333.34266131607217
1930-09-01,-334.8442489787031
1930-10-01,-366.76004402639387
1930-11-01,-380.79851709011575
1930-12-01,-390.64051544816834
1931-01-01,-382.82281295708094
1931-02-01,-365.6678871696281
1931-03-01,-360.3841654595117
1931-04-01,-379.69010763782836
1931-05-01,-396.4054235001753
1931-06-01,-400.0155797766473
1931-07-01,-394.2118143057743
1931-08-01,-399.66983324614074
1931-09-01,-424.916483695747
1931-10-01,-444.21241122015635
1931-11-01,-440.74244797727215
1931-12-01,-465.336435637808
1932-01-01,-465.04474119183544
1932-02-01,-464.52561665104645
1932-03-01,-463.3910691899407
1932-04-01,-489.71426827771074
1932-05-01,-499.229169868677
1932-06-01,-509.04300814351285
1932-07-01,-505.7139172773186
1932-08-01,-469.81156568879
1932-09-01,-458.7455014873018
1932-10-01,-474.181815757361
1932-11-01,-474.4819727917393
1932-12-01,-477.08939225252533
1933-01-01,-471.6846036006221
1933-02-01,-482.649731207435
1933-03-01,-482.2496280304641
1933-04-01,-472.33717560002486
1933-05-01,-442.60820313149685
1933-06-01,-420.9568284225064
1933-07-01,-413.28783208896675
1933-08-01,-422.4954905839336
1933-09-01,-423.7850452027177
1933-10-01,-438.5824108597193
1933-11-01,-435.27303856165327
1933-12-01,-432.54780018029896
1934-01-01,-424.35687875905836
1934-02-01,-414.31000921886437
1934-03-01,-422.57467236183476
1934-04-01,-420.00553863154516
1934-05-01,-435.8312238157691
1934-06-01,-434.9739232330853
1934-07-01,-441.63120377885616
1934-08-01,-446.8687103204719
1934-09-01,-451.7229760549307
1934-10-01,-449.87203573923205
1934-11-01,-446.3517782990116
1934-12-01,-444.58690602294763
1935-01-01,-446.364506890261
1935-02-01,-451.0942360470023
1935-03-01,-458.9482525523715
1935-04-01,-451.06016778461867
1935-05-01,-441.2731251579573
1935-06-01,-435.1999296855755
1935-07-01,-427.85776368764516
1935-08-01,-417.88479865421743
1935-09-01,-414.5715153890689
1935-10-01,-410.2664929262935
1935-11-01,-395.9774177045329
1935-12-01,-395.975285555171
1936-01-01,-386.057539707725
1936-02-01,-375.17405878640324
1936-03-01,-369.48075878037673
1936-04-01,-369.1866708922216
1936-05-01,-380.11435748605015
1936-06-01,-373.1740083570795
1936-07-01,-362.64249124135034
1936-08-01,-359.85214682731674
1936-09-01,-357.39412107917235
1936-10-01,-345.9632831839427
1936-11-01,-339.5562046825262
1936-12-01,-343.6135806357297
1937-01-01,-338.0030805290709
1937-02-01,-330.9650064551808
1937-03-01,-332.8429243090857
1937-04-01,-348.8116404257404
1937-05-01,-360.3335236939479
1937-06-01,-368.38129654937757
1937-07-01,-357.5097081546221
1937-08-01,-355.2719224634671
1937-09-01,-387.6234185478688
1937-10-01,-414.9133301919618
1937-11-01,-428.07264163136074
1937-12-01,-429.5077848592057
1938-01-01,-423.71043326527024
1938-02-01,-426.3655855028587
1938-03-01,-436.24769576096503
1938-04-01,-442.83595648624146
1938-05-01,-440.77989119386143
1938-06-01,-437.71279856429
1938-07-01,-410.35900371742565
1938-08-01,-409.4471647921497
1938-09-01,-417.0320487994711
1938-10-01,-398.17952100363993
1938-11-01,-398.04826480905297
1938-12-01,-403.2137628043039
1939-01-01,-405.779898124797
1939-02-01,-405.9843119356335
1939-03-01,-406.0999905496503
1939-04-01,-426.4093358120914
1939-05-01,-420.8926286188919
1939-06-01,-418.12882491915354
1939-07-01,-414.2610028729615
1939-08-01,-416.59196034121226
1939-09-01,-403.1830905776734
1939-10-01,-400.230563661811
1939-11-01,-403.337422989733
1939-12-01,-407.388870941854
1940-01-01,-407.18502738493123
1940-02-01,-409.39318626502563
1940-03-01,-410.326961337781
1940-04-01,-408.6874055307892
1940-05-01,-431.63247404611366
1940-06-01,-444.8598825937014
1940-07-01,-439.62036925361906
1940-08-01,-436.7646204751031
1940-09-01,-430.91114475703426
1940-10-01,-429.5618224442795
1940-11-01,-426.17257903464565
1940-12-01,-433.2476087453707
1941-01-01,-432.9788256556968
1941-02-01,-441.87713880472467
1941-03-01,-441.95980759060245
1941-04-01,-446.9612461087596
1941-05-01,-450.5712301831495
1941-06-01,-448.68598104938485
1941-07-01,-442.1899781337321
1941-08-01,-444.4887682096669
1941-09-01,-445.72861079608526
1941-10-01,-452.4379475441117
1941-11-01,-458.9037732093147
1941-12-01,-467.13432833626416
1942-01-01,-466.3796852910477
1942-02-01,-470.4323143817639
1942-03-01,-477.3057676658228
1942-04-01,-481.9317972218831
1942-05-01,-481.95025019187045
1942-06-01,-477.2575833780141
1942-07-01,-474.20078753185635
1942-08-01,-475.3588325802492
1942-09-01,-474.3227654447487
1942-10-01,-468.0789180193939
1942-11-01,-466.9465618252807
1942-12-01,-466.95940348413285
1943-01-01,-460.47832394437717
1943-02-01,-453.65088465420035
1943-03-01,-451.3660413097223
1943-04-01,-448.5962616188711
1943-05-01,-444.3106870619051
1943-06-01,-442.00188010847023
1943-07-01,-438.522044653585
1943-08-01,-444.5778334386957
1943-09-01,-442.51017914693546
1943-10-01,-443.7483849094122
1943-11-01,-449.85471199617473
1943-12-01,-448.21905138531844
1944-01-01,-444.122195765888
1944-02-01,-445.00947240858653
1944-03-01,-441.359179463287
1944-04-01,-444.38127009402973
1944-05-01,-442.0780099229588
1944-06-01,-436.54436415871714
1944-07-01,-433.67719077154777
1944-08-01,-435.75348110038533
1944-09-01,-438.03937069166324
1944-10-01,-434.6647824808481
1944-11-01,-435.6396378474054
1944-12-01,-433.3274388809008
1945-01-01,-429.10262408471056
1945-02-01,-424.2222866045076
1945-03-01,-424.3255747753021
1945-04-01,-420.53172496952385
1945-05-01,-415.51018097433257
1945-06-01,-414.2667635042352
1945-07-01,-417.57267229490856
1945-08-01,-417.0409941006269
1945-09-01,-406.2760119798812
1945-10-01,-399.2449692569079
1945-11-01,-393.495636694302
1945-12-01,-391.3511715374551
1946-01-01,-384.0427505057743
1946-02-01,-382.5336495872092
1946-03-01,-390.1972348622189
1946-04-01,-379.2719941913585
1946-05-01,-379.84649159581295
1946-06-01,-383.0384984968396
1946-07-01,-398.1201250922862
1946-08-01,-404.70652770352046
1946-09-01,-431.13021632394964
1946-10-01,-436.8264145995888
1946-11-01,-440.33036200518745
1946-12-01,-437.4564754197604
1947-01-01,-436.70309519342493
1947-02-01,-431.31492216000606
1947-03-01,-439.3969819355865
1947-04-01,-444.37587850011835
1947-05-01,-446.67780348976873
1947-06-01,-442.73659394972265
1947-07-01,-435.6114052428683
1947-08-01,-439.9895099313529
1947-09-01,-446.0492600624957
1947-10-01,-442.716306973178
1947-11-01,-444.75354764044897
1947-12-01,-448.272101749965
1948-01-01,-451.37034261116906
1948-02-01,-456.51736839449256
1948-03-01,-454.36588290202747
1948-04-01,-447.0811682010571
1948-05-01,-441.37032020956156
1948-06-01,-436.87183774640334
1948-07-01,-441.61298900821885
1948-08-01,-445.9447325575272
1948-09-01,-447.373981420435
1948-10-01,-443.40260154355235
1948-11-01,-449.72785829058273
1948-12-01,-450.0501571686726
1949-01-01,-448.1789002067392
1949-02-01,-452.0871448826101
1949-03-01,-450.91731771034904
1949-04-01,-451.5435957902811
1949-05-01,-451.9823611615962
1949-06-01,-459.11863753448773
1949-07-01,-451.6804778512901
1949-08-01,-447.7649788529734
1949-09-01,-446.59713633153706
1949-10-01,-442.29838422725396
1949-11-01,-440.9904883418719
1949-12-01,-436.3823508450666
1950-01-01,-432.9974058761444
1950-02-01,-430.23581140026033
1950-03-01,-429.61488871851276
1950-04-01,-425.50858374868517
1950-05-01,-421.0764965061437
1950-06-01,-419.1621568214533
1950-07-01,-432.01289861542205
1950-08-01,-424.5311795565094
1950-09-01,-419.80754207971205
1950-10-01,-414.5847460965432
1950-11-01,-415.4707530541301
1950-12-01,-417.8123331293551
1951-01-01,-408.6625173517451
1951-02-01,-404.31244134772
1951-03-01,-407.7467401646769
1951-04-01,-405.53519163590374
1951-05-01,-406.05351367632306
1951-06-01,-408.9759663689441
1951-07-01,-406.0875560545618
1951-08-01,-398.76237843175704
1951-09-01,-395.509251868848
1951-10-01,-397.0497340242995
1951-11-01,-403.15282753230747
1951-12-01,-398.502322088338
1952-01-01,-392.6535263979553
1952-02-01,-394.74075644039794
1952-03-01,-394.29179801266815
1952-04-01,-395.43775001158366
1952-05-01,-395.51490161951176
1952-06-01,-391.25385812660716
1952-07-01,-387.2705669758152
1952-08-01,-386.52858345494616
1952-09-01,-389.5032437558633
1952-10-01,-393.3759264814653
1952-11-01,-387.6363899919529
1952-12-01,-380.1138968258367
1953-01-01,-378.40967498017653
1953-02-01,-380.14203818936073
1953-03-01,-379.82066082812037
1953-04-01,-389.38157969767207
1953-05-01,-389.0254391072914
1953-06-01,-396.23976136152874
1953-07-01,-393.7127612855387
1953-08-01,-393.57656096607184
1953-09-01,-401.8547903161392
1953-10-01,-397.268548488983
1953-11-01,-392.75990710114473
1953-12-01,-390.3261288654359
1954-01-01,-385.6631308235782
1954-02-01,-381.5178263039196
1954-03-01,-377.4446871513153
1954-04-01,-368.91479782298796
1954-05-01,-361.4585009155184
1954-06-01,-359.7490443985745
1954-07-01,-351.09963151242965
1954-08-01,-346.65519651194927
1954-09-01,-340.5523432737341
1954-10-01,-335.1156981282956
1954-11-01,-325.7465728536208
1954-12-01,-313.5029950041661
1955-01-01,-308.7964297474294
1955-02-01,-299.9127981278516
1955-03-01,-302.0498592380961
1955-04-01,-292.6419552094148
1955-05-01,-293.8093989358656
1955-06-01,-277.55051123080403
1955-07-01,-256.9313247938875
1955-08-01,-258.8418119635644
1955-09-01,-245.75004527356032
1955-10-01,-262.2227463719583
1955-11-01,-241.19969683880976
1955-12-01,-236.94621185652574
1956-01-01,-245.98781543462957
1956-02-01,-243.90059087400618
1956-03-01,-221.18938672622966
1956-04-01,-218.2370683038709
1956-05-01,-230.5669638472579
1956-06-01,-234.8251224766734
1956-07-01,-218.81921206167164
1956-08-01,-219.772664889263
1956-09-01,-232.9555206430768
1956-10-01,-238.42861193835245
1956-11-01,-241.9164437049959
1956-12-01,-238.09525453247647
1957-01-01,-245.39969071878573
1957-02-01,-260.58234499901164
1957-03-01,-257.58004221409345
1957-04-01,-251.29736972076495
1957-05-01,-239.99857646812217
1957-06-01,-235.59218016849667
1957-07-01,-230.9526566490478
1957-08-01,-249.80499812402076
1957-09-01,-262.9367451511713
1957-10-01,-282.29897967582997
1957-11-01,-289.4943903471818
1957-12-01,-289.6469192518742
1958-01-01,-285.92525602764596
1958-02-01,-284.96345811402057
1958-03-01,-280.8749251863215
1958-04-01,-280.2130915394511
1958-05-01,-270.8070537160974
1958-06-01,-263.548966827057
1958-07-01,-256.015802789251
1958-08-01,-243.11532136456339
1958-09-01,-234.38949108662115
1958-10-01,-220.5986622428399
1958-11-01,-210.97567971822093
1958-12-01,-202.99063894719228
1959-01-01,-189.39611923726642
1959-02-01,-194.07331492757288
1959-03-01,-184.42290538054988
1959-04-01,-179.09995652716452
1959-05-01,-173.13000259607486
1959-06-01,-177.78114065514842
1959-07-01,-163.33644586288324
1959-08-01,-165.6685767065577
1959-09-01,-183.00468708605655
1959-10-01,-184.5395472810971
1959-11-01,-182.96946797474584
1959-12-01,-170.48473555050157
1960-01-01,-176.29975292280272
1960-02-01,-192.85943244079021
1960-03-01,-198.04349207067224
1960-04-01,-194.363352288547
1960-05-01,-197.84541372591144
1960-06-01,-185.15520723036707
1960-07-01,-194.78950353952507
1960-08-01,-190.2403454653711
1960-09-01,-201.7711547041697
1960-10-01,-211.28504000096876
1960-11-01,-199.55256638404734
1960-12-01,-190.5861947070947
1961-01-01,-170.91712781834246
1961-02-01,-154.41662293075348
1961-03-01,-141.2855340272858
1961-04-01,-129.76697689945524
1961-05-01,-125.25335967446608
1961-06-01,-131.1934255239762
1961-07-01,-135.03753213834403
1961-08-01,-117.92753772883987
1961-09-01,-122.83371785291325
1961-10-01,-117.86171883397361
1961-11-01,-97.20649792815271
1961-12-01,-92.7662534005749
1962-01-01,-110.6454226088278
1962-02-01,-104.31606988486794
1962-03-01,-103.83219412394715
1962-04-01,-120.1330366085229
1962-05-01,-153.83102854829264
1962-06-01,-202.85295365884582
1962-07-01,-195.0388206930271
1962-08-01,-184.7385288289742
1962-09-01,-189.31705208603455
1962-10-01,-201.422083711416
1962-11-01,-175.77625011260193
1962-12-01,-158.5498212199946
1963-01-01,-142.5187593468553
1963-02-01,-136.81792999077044
1963-03-01,-139.74694266297
1963-04-01,-119.32522583770361
1963-05-01,-110.20310779065278
1963-06-01,-111.73724716374534
1963-07-01,-119.89633240784377
1963-08-01,-107.35058250798
1963-09-01,-95.06333721330572
1963-10-01,-95.26023703021394
1963-11-01,-97.93926706436548
1963-12-01,-89.18609234088575
1964-01-01,-74.29437546820776
1964-02-01,-68.14423057685127
1964-03-01,-58.92721253282639
1964-04-01,-51.471120342561335
1964-05-01,-46.37085870400665
1964-06-01,-50.993298843808475
1964-07-01,-33.14099404008698
1964-08-01,-39.508846513670846
1964-09-01,-31.8780057203835
1964-10-01,-22.524648141114653
1964-11-01,-20.279679712776215
1964-12-01,-29.84582429268812
1965-01-01,-15.855620738332618
1965-02-01,-11.770174189103955
1965-03-01,-12.839722305604369
1965-04-01,-7.075875894266915
1965-05-01,1.3650510849898865
1965-06-01,-28.98145971411691
1965-07-01,-29.80133041193028
1965-08-01,-19.675551902309394
1965-09-01,-1.1822302353687064
1965-10-01,10.058327774431291
1965-11-01,14.926031152438668
1965-12-01,10.624230395018913
1966-01-01,20.75817428533537
1966-02-01,13.479291049058702
1966-03-01,-12.156980920137016
1966-04-01,1.826644117191563
1966-05-01,-28.395285675092282
1966-06-01,-34.37750193806539
1966-07-01,-37.21992945471868
1966-08-01,-72.32331715327939
1966-09-01,-89.93199703513955
1966-10-01,-96.72973183915832
1966-11-01,-72.90920899986861
1966-12-01,-70.80993149018559
1967-01-01,-51.55964062992382
1967-02-01,-33.6162918978921
1967-03-01,-22.39116098688578
1967-04-01,-14.421751994432157
1967-05-01,-5.942576057652104
1967-06-01,-14.544979097680653
1967-07-01,-6.409901682704799
1967-08-01,1.0862710758809726
1967-09-01,7.562628215688733
1967-10-01,5.140649332520184
1967-11-01,-14.447797984165163
1967-12-01,-0.03380690120445706
1968-01-01,-4.541680070580014
1968-02-01,-31.580179269934547
1968-03-01,-42.83112964206953
1968-04-01,-5.1499150910609615
1968-05-01,6.429111102526804
1968-06-01,18.978495459883334
1968-07-01,14.827854934389961
1968-08-01,0.5611778763390021
1968-09-01,17.726832522737936
1968-10-01,29.281414681738966
1968-11-01,37.051642313973616
1968-12-01,41.899720084496494
1969-01-01,14.48939619075486
1969-02-01,8.751063149295874
1969-03-01,-7.986120173538211
1969-04-01,0.604935050224185
1969-05-01,17.847173161007845
1969-06-01,-15.636063202919217
1969-07-01,-43.03685535979537
1969-08-01,-48.48609200714384
1969-09-01,-47.88255903123604
1969-10-01,-44.76891994526818
1969-11-01,-43.43466069620456
1969-12-01,-73.7986919182909
1970-01-01,-79.32261185091875
1970-02-01,-98.71683225208301
1970-03-01,-92.82056847883752
1970-04-01,-110.58302113489566
1970-05-01,-164.6463158680122
1970-06-01,-168.98189736364367
1970-07-01,-170.0922755815664
1970-08-01,-158.41875292295344
1970-09-01,-135.61457302422508
1970-10-01,-128.1250834123698
1970-11-01,-130.55481672396974
1970-12-01,-102.37349846377481
1971-01-01,-84.41556878198168
1971-02-01,-66.61023929740298
1971-03-01,-54.75871522232194
1971-04-01,-38.23704727101199
1971-05-01,-47.744959510217086
1971-06-01,-60.72506310628228
1971-07-01,-65.48867892195159
1971-08-01,-75.54462822748013
1971-09-01,-64.50089620479582
1971-10-01,-76.30976521312215
1971-11-01,-99.28184284978016
1971-12-01,-68.80505022603478
1972-01-01,-47.83732734148691
1972-02-01,-40.41319339219251
1972-03-01,-28.89924835331601
1972-04-01,-24.474033151748813
1972-05-01,-31.11974580544063
1972-06-01,-30.71705328645396
1972-07-01,-36.91956700332548
1972-08-01,-19.071873843952744
1972-09-01,-28.139615244248716
1972-10-01,-29.335968744772913
1972-11-01,-3.235863305019734
1972-12-01,7.470771963411266
1973-01-01,10.762588182057812
1973-02-01,-13.25124497231809
1973-03-01,-26.376103033680465
1973-04-01,-39.67977476897454
1973-05-01,-57.61984422572766
1973-06-01,-72.01049243114267
1973-07-01,-68.18298955244961
1973-08-01,-85.12331920029521
1973-09-01,-77.58423700784397
1973-10-01,-61.72995137050839
1973-11-01,-100.5337493436428
1973-12-01,-136.23818503150437
1974-01-01,-133.31903248103328
1974-02-01,-149.99588935976004
1974-03-01,-136.63291212686886
1974-04-01,-160.26269095473208
1974-05-01,-176.7714764270359
1974-06-01,-178.91765852277678
1974-07-01,-227.012630514609
1974-08-01,-244.51426830251432
1974-09-01,-281.3384444732563
1974-10-01,-278.1350313185794
1974-11-01,-270.39428464183715
1974-12-01,-291.7551651998431
1975-01-01,-269.8832547587925
1975-02-01,-240.71474595208986
1975-03-01,-226.64817895118273
1975-04-01,-223.9021139637843
1975-05-01,-203.60444470297602
1975-06-01,-196.5622230855543
1975-07-01,-199.62233240853567
1975-08-01,-227.37021868343453
1975-09-01,-233.0722917120927
1975-10-01,-219.0808580520345
1975-11-01,-215.2288668130297
1975-12-01,-221.654899868447
1976-01-01,-190.05363785149598
1976-02-01,-176.4757588993557
1976-03-01,-175.05627333968908
1976-04-01,-173.05358267474202
1976-05-01,-178.03241450832837
1976-06-01,-177.36688803252855
1976-07-01,-169.799443762961
1976-08-01,-174.9297123990957
1976-09-01,-167.62852763589325
1976-10-01,-182.98893170014549
1976-11-01,-186.16278963770293
1976-12-01,-173.95730040731485
1977-01-01,-178.98546103241625
1977-02-01,-192.65652652311957
1977-03-01,-196.17980430418555
1977-04-01,-204.39067848641469
1977-05-01,-206.90424595402538
1977-06-01,-206.86356413589573
1977-07-01,-204.96156484610327
1977-08-01,-214.80809785903432
1977-09-01,-221.2221593774292
1977-10-01,-231.1154674372654
1977-11-01,-230.47613295295724
1977-12-01,-232.983904295427
1978-01-01,-247.45493549647483
1978-02-01,-253.59687565290938
1978-03-01,-256.1333282132876
1978-04-01,-244.41225755123799
1978-05-01,-230.4251687025503
1978-06-01,-232.42339415335647
1978-07-01,-236.04593293027563
1978-08-01,-214.279323774155
1978-09-01,-216.36652718971317
1978-10-01,-229.94161150209294
1978-11-01,-250.89334168236758
1978-12-01,-247.27148219319395
1979-01-01,-237.46081623261546
1979-02-01,-245.28749235657574
1979-03-01,-241.6543413903795
1979-04-01,-238.01761388304737
1979-05-01,-248.8164202713014
1979-06-01,-245.2514668936434
1979-07-01,-244.79311157074022
1979-08-01,-232.4109948514889
1979-09-01,-231.41851819876217
1979-10-01,-246.10676119974806
1979-11-01,-250.81455721460514
1979-12-01,-240.86269724547628
1980-01-01,-235.0411069796225
1980-02-01,-225.45413807467696
1980-03-01,-260.448631271009
1980-04-01,-267.96993073833005
1980-05-01,-256.58197649960726
1980-06-01,-239.33966112315488
1980-07-01,-224.44163187304014
1980-08-01,-215.74346372233077
1980-09-01,-209.43176851135064
1980-10-01,-201.52410393929637
1980-11-01,-188.36068748056454
1980-12-01,-197.0538094727297
1981-01-01,-200.63993939245046
1981-02-01,-215.99690628811726
1981-03-01,-204.67848873238188
1981-04-01,-203.1890213510125
1981-05-01,-212.51702767297718
1981-06-01,-213.17172550024128
1981-07-01,-224.4585310712963
1981-08-01,-225.0073109184267
1981-09-01,-256.9942105660605
1981-10-01,-253.54224570273016
1981-11-01,-246.16383215788971
1981-12-01,-244.54568377370924
1982-01-01,-262.18896735902524
1982-02-01,-270.15557228374803
1982-03-01,-279.5481340168832
1982-04-01,-266.21093214231206
1982-05-01,-267.9823666992749
1982-06-01,-287.67617847945
1982-07-01,-289.468268610314
1982-08-01,-289.1314804339063
1982-09-01,-257.4439556206705
1982-10-01,-232.16281706911843
1982-11-01,-218.07544668240763
1982-12-01,-213.80291775317312
1983-01-01,-201.92409082393658
1983-02-01,-195.87095801386704
1983-03-01,-182.98892321899808
1983-04-01,-170.33324775218733
1983-05-01,-155.9958148930897
1983-06-01,-151.1194558196607
1983-07-01,-150.7820047068755
1983-08-01,-163.07087454174035
1983-09-01,-152.5694631349848
1983-10-01,-152.17062886392802
1983-11-01,-158.89628676049938
1983-12-01,-161.1220552393125
1984-01-01,-157.85048216908126
1984-02-01,-181.47194275085798
1984-03-01,-181.70610068634443
1984-04-01,-182.49437834948077
1984-05-01,-185.66481551800632
1984-06-01,-194.88872196064335
1984-07-01,-200.70735049457568
1984-08-01,-169.59297453321074
1984-09-01,-166.80354393925825
1984-10-01,-170.70709375769934
1984-11-01,-167.11141777290345
1984-12-01,-171.42341608095154
1985-01-01,-154.9393040589611
1985-02-01,-134.09488433358337
1985-03-01,-138.7965000090531
1985-04-01,-137.36198836841282
1985-05-01,-128.31616488782265
1985-06-01,-119.7359974173919
1985-07-01,-111.83554109677073
1985-08-01,-122.31982607345708
1985-09-01,-133.04949866557115
1985-10-01,-129.24572131496575
1985-11-01,-103.65013580242191
1985-12-01,-81.65280173034665
1986-01-01,-80.46582399333522
1986-02-01,-53.392745981258486
1986-03-01,-21.538006945055145
1986-04-01,-7.466549597042103
1986-05-01,-7.353695284993364
1986-06-01,6.398819895992119
1986-07-01,-5.49407894713454
1986-08-01,4.98611006600845
1986-09-01,-12.354913152422455
1986-10-01,-14.801894074325787
1986-11-01,2.7018329879698513
1986-12-01,10.447053483281593
1987-01-01,44.659347955851786
1987-02-01,80.91637926124565
1987-03-01,105.5669733707673
1987-04-01,95.77567943065242
1987-05-01,93.69320302573374
1987-06-01,120.05369455345078
1987-07-01,138.61318616161066
1987-08-01,179.78736001529842
1987-09-01,153.0535491481312
1987-10-01,65.21710059059023
1987-11-01,-14.25078791409112
1987-12-01,-23.19072754471938
1988-01-01,-2.7885583215454517
1988-02-01,13.28689878252419
1988-03-01,28.618508998092807
1988-04-01,19.750332591909228
1988-05-01,4.074912677291877
1988-06-01,34.8649612235007
1988-07-01,29.660191875477267
1988-08-01,16.126123453000673
1988-09-01,22.971541168060867
1988-10-01,42.24179702432218
1988-11-01,27.948938163736216
1988-12-01,39.325778224697615
1989-01-01,56.71335754570498
1989-02-01,73.69272003507467
1989-03-01,68.481574259024
1989-04-01,86.39161385028751
1989-05-01,108.79903061684479
1989-06-01,128.69012355297548
1989-07-01,145.03734801184805
1989-08-01,175.59488490893057
1989-09-01,175.46503817508585
1989-10-01,173.31120446915713
1989-11-01,156.87167858981832
1989-12-01,173.86209335058425
1990-01-01,150.70814147817498
1990-02-01,128.52955090890362
1990-03-01,142.7302895691431
1990-04-01,141.41185078174522
1990-05-01,165.45073569503086
1990-06-01,183.88651341072762
1990-07-01,181.2823495944342
1990-08-01,116.6495790106087
1990-09-01,81.6322794057561
1990-10-01,62.229500963595115
1990-11-01,77.92755078362393
1990-12-01,105.28478000557539
1991-01-01,96.09608165783868
1991-02-01,169.8531657885419
1991-03-01,189.39006354888375
1991-04-01,203.56757335912835
1991-05-01,198.65790387647291
1991-06-01,197.77393002306474
1991-07-01,200.90552293256098
1991-08-01,217.8126169944544
1991-09-01,211.16997665141764
1991-10-01,209.75117119449442
1991-11-01,206.33624027105225
1991-12-01,211.09116768053877
1992-01-01,265.28125097277996
1992-02-01,256.37532390275635
1992-03-01,243.43858697259054
1992-04-01,242.82718273981573
1992-05-01,256.7310968536751
1992-06-01,241.98854883021477
1992-07-01,254.2737289027873
1992-08-01,258.47987890913225
1992-09-01,258.10070653496507
1992-10-01,244.58429222129735
1992-11-01,264.1095990641388
1992-12-01,289.5497468796925
1993-01-01,286.10280344261037
1993-02-01,296.83420706965967
1993-03-01,311.3763327000055
1993-04-01,296.1032522012616
1993-05-01,299.53395438455755
1993-06-01,304.20471556311895
1993-07-01,302.73921832954204
1993-08-01,314.46737619146927
1993-09-01,323.2049198340693
1993-10-01,329.89967300496096
1993-11-01,327.6095048581261
1993-12-01,333.537613445111
1994-01-01,345.51885596024056
1994-02-01,340.8966313986034
1994-03-01,324.1415415839599
1994-04-01,291.80593696583594
1994-05-01,298.5115575748672
1994-06-01,304.2414441385081
1994-07-01,296.3124627117236
1994-08-01,318.5478755476022
1994-09-01,322.28217020357306
1994-10-01,316.0410257136235
1994-11-01,310.1048179718007
1994-12-01,299.19596426805776
1995-01-01,316.0689195471308
1995-02-01,345.28836226059343
1995-03-01,364.5497151876856
1995-04-01,390.34523533056836
1995-05-01,418.9636037751958
1995-06-01,446.844167294685
1995-07-01,480.52366178545014
1995-08-01,482.0908524183334
1995-09-01,517.4643367208884
1995-10-01,522.9630036639902
1995-11-01,546.8195126993479
1995-12-01,582.6538970867035
1996-01-01,578.2396099565932
1996-02-01,640.9158595650739
1996-03-01,632.5438587143341
1996-04-01,629.9150709305173
1996-05-01,654.3570717476831
1996-06-01,667.2523307063285
1996-07-01,621.02633415187
1996-08-01,653.762457372639
1996-09-01,673.7251671999378
1996-10-01,719.8886437045529
1996-11-01,780.8162205179821
1996-12-01,794.7005271867685
1997-01-01,833.8961560205004
1997-02-01,889.646173564931
1997-03-01,876.168938139885
1997-04-01,823.9525582026703
1997-05-01,949.7797430711952
1997-06-01,1026.835737207537
1997-07-01,1114.256729265995
1997-08-01,1115.8693346586942
1997-09-01,1130.960778160842
1997-10-01,1153.8358797716082
1997-11-01,1132.41126870453
1997-12-01,1175.9591918768824
1998-01-01,1175.76672092559
1998-02-01,1282.4190467893459
1998-03-01,1375.7309263500074
1998-04-01,1437.0206409430298
1998-05-01,1427.9788230209324
1998-06-01,1426.4223873837882
1998-07-01,1511.1845153769414
1998-08-01,1362.9905859828204
1998-09-01,1265.044407425397
1998-10-01,1283.4339749749056
1998-11-01,1483.2566853437593
1998-12-01,1565.460702886684
1999-01-01,1667.0122888588203
1999-02-01,1661.4737295541127
1999-03-01,1719.7648481084038
1999-04-01,1803.8027067779294
1999-05-01,1799.1089216231912
1999-06-01,1782.3218748016911
1999-07-01,1881.3900952551194
1999-08-01,1783.5145342262854
1999-09-01,1760.4248051500567
1999-10-01,1726.112528249891
1999-11-01,1885.2361339770014
1999-12-01,1951.537155982584
2000-01-01,1941.6829086605085
2000-02-01,1868.692828597907
2000-03-01,1949.5275799389374
2000-04-01,1981.9497809733834
2000-05-01,1905.7152107996112
2000-06-01,1973.2895469720224
2000-07-01,1988.8954802272879
2000-08-01,2010.4789829200981
2000-09-01,1972.5411167891507
2000-10-01,1835.7104073287774
2000-11-01,1813.9736067544736
2000-12-01,1733.5956736402495
2001-01-01,1732.9516214230448
2001-02-01,1676.2869547013183
2001-03-01,1468.2965680043817
2001-04-01,1470.131916265388
2001-05-01,1601.4124230059201
2001-06-01,1545.2887571174488
2001-07-01,1490.2983110053092
2001-08-01,1445.9543038350444
2001-09-01,1213.3367184826893
2001-10-01,1271.0835977673873
2001-11-01,1363.165639644576
2001-12-01,1393.5827855798193
2002-01-01,1382.9373543846696
2002-02-01,1311.2275034788827
2002-03-01,1395.0279868998168
2002-04-01,1318.0211692863495
2002-05-01,1262.9046878898143
2002-06-01,1152.2845094678896
2002-07-01,965.0092807258151
2002-08-01,977.2112813302068
2002-09-01,900.5702373988448
2002-10-01,876.9699735165674
2002-11-01,969.8037854766459
2002-12-01,953.6389626247195
2003-01-01,944.2174574892903
2003-02-01,839.3820341221862
2003-03-01,850.5852241096005
2003-04-01,924.7717877955648
2003-05-01,1002.879642804516
2003-06-01,1088.7339870474898
2003-07-01,1095.3576043457365
2003-08-01,1086.8134150091573
2003-09-01,1133.4403317267052
2003-10-01,1166.7653992189357
2003-11-01,1188.2833104512756
2003-12-01,1240.7716400670752
2004-01-01,1321.8348203245037
2004-02-01,1333.990468408007
2004-03-01,1295.1408247216432
2004-04-01,1307.2618304582484
2004-05-01,1251.0006169509238
2004-06-01,1296.859601370847
2004-07-01,1254.5233919443767
2004-08-01,1226.3422354486947
2004-09-01,1271.1782277160964
2004-10-01,1264.977359944071
2004-11-01,1348.732449079987
2004-12-01,1402.1808978811564
2005-01-01,1370.8451971888458
2005-02-01,1394.1758181738737
2005-03-01,1377.9205233838084
2005-04-01,1321.5276542836182
2005-05-01,1345.0367586800662
2005-06-01,1383.2009225317624
2005-07-01,1410.353347623011
2005-08-01,1408.0081178196274
2005-09-01,1397.315914688937
2005-10-01,1341.1824706762418
2005-11-01,1422.4395365304258
2005-12-01,1466.6058336062902
2006-01-01,1484.593845090339
2006-02-01,1479.0420420433315
2006-03-01,1499.9381245308964
2006-04-01,1503.5669301894268
2006-05-01,1478.7719557273158
2006-06-01,1418.6014499844655
2006-07-01,1426.563397791203
2006-08-01,1466.724314328886
2006-09-01,1520.5048834547179
2006-10-01,1598.9356043392463
2006-11-01,1640.7091789815954
2006-12-01,1682.8131317122352
2007-01-01,1691.2371415850102
2007-02-01,1717.0312578652324
2007-03-01,1646.4745090875394
2007-04-01,1726.9325032409638
2007-05-01,1793.0337778385706
2007-06-01,1795.3021864800935
2007-07-01,1805.6078791009345
2007-08-01,1705.2764119446579
2007-09-01,1767.5841530189841
2007-10-01,1830.4408103510432
2007-11-01,1704.731172675205
2007-12-01,1729.7336453453854
2008-01-01,1568.7622423019202
2008-02-01,1528.5578467570103
2008-03-01,1460.6378919591884
2008-04-01,1535.4336747305933
2008-05-01,1575.4641541347669
2008-06-01,1470.264295705645
2008-07-01,1338.184609296039
2008-08-01,1378.5385456466706
2008-09-01,1282.4881747576464
2008-10-01,915.2729580912018
2008-11-01,798.4703724405437
2008-12-01,796.9872362368584
2009-01-01,775.1808451971591
2009-02-01,678.8009132157637
2009-03-01,603.2710761542113
2009-04-01,741.0419869121071
2009-05-01,821.9458135112872
2009-06-01,851.6868472846835
2009-07-01,867.7464120877972
2009-08-01,978.5122948835916
2009-09-01,1031.0186780197187
2009-10-01,1066.1206537418843
2009-11-01,1097.3174014815222
2009-12-01,1133.6218774575932
2010-01-01,1150.7557270072025
2010-02-01,1098.5286936401476
2010-03-01,1190.2888241353508
2010-04-01,1257.2471819982188
2010-05-01,1147.4100631068154
2010-06-01,1085.3724081817322
2010-07-01,1079.9091761532181
2010-08-01,1090.104044317356
2010-09-01,1142.2637419620073
2010-10-01,1215.973934712786
2010-11-01,1256.9093178820376
2010-12-01,1319.6483633379298
2011-01-01,1376.765970713741
2011-02-01,1429.5214556559658
2011-03-01,1394.562844091014
2011-04-01,1428.1618648812228
2011-05-01,1433.3821061753274
2011-06-01,1358.8664709235527
2011-07-01,1414.2533608564854
2011-08-01,1204.304537565215
2011-09-01,1186.0558503032416
2011-10-01,1237.3485009370124
2011-11-01,1266.6119215711733
2011-12-01,1294.0786141584085
2012-01-01,1374.60958194177
2012-02-01,1446.857000872786
2012-03-01,1493.008360838293
2012-04-01,1485.6344995795184
2012-05-01,1420.5207200567247
2012-06-01,1395.8691466021755
2012-07-01,1450.956451735875
2012-08-01,1509.1968944232226
2012-09-01,1562.8931237532875
2012-10-01,1555.1366551639408
2012-11-01,1496.8155111189135
2012-12-01,1540.5753366007152
2013-01-01,1622.6743332226329
2013-02-01,1660.0629723580132
2013-03-01,1713.2983352590231
2013-04-01,1743.6255719891747
2013-05-01,1842.4418030718793
2013-06-01,1808.8179652893277
2013-07-01,1881.1271888965352
2013-08-01,1881.72957384832
2013-09-01,1905.182887015183
2013-10-01,1956.4996652366958
2013-11-01,2051.9446169916496
2013-12-01,2087.5456103195656
2014-01-01,2103.670053673819
2014-02-01,2090.847399339727
2014-03-01,2149.3494036482243
2014-04-01,2145.858428618748
2014-05-01,2177.842533886209
2014-06-01,2257.89582842132
2014-07-01,2296.031517522519
2014-08-01,2281.873191368928
2014-09-01,2326.5588601120926
2014-10-01,2249.4191389987086
2014-11-01,2412.6822607916592
2014-12-01,2435.514110280354
2015-01-01,2404.8488288138865
2015-02-01,2476.5959882136117
2015-03-01,2463.973332512654
2015-04-01,2482.2205002397627
2015-05-01,2498.7703674638074
2015-06-01,2474.930690801189
2015-07-01,2467.33054013914
2015-08-01,2391.2313257746973
2015-09-01,2255.807124105599
2015-10-01,2372.407364223186
2015-11-01,2456.1720668710327
2015-12-01,2423.0404624753332
2016-01-01,2224.579420088998
2016-02-01,2202.893616540405
2016-03-01,2366.2541748911735
2016-04-01,2436.218576183612
2016-05-01,2415.6587840054567
2016-06-01,2436.937113939238
2016-07-01,2532.730666391186
2016-08-01,2562.9246656677115
2016-09-01,2540.131945861922
2016-10-01,2517.273541149196
2016-11-01,2551.3145039112155
2016-12-01,2667.801880539207
2017-01-01,2698.96798772848
2017-02-01,2771.927558923371
2017-03-01,2823.240620212212
2017-04-01,2807.517318688863
2017-05-01,2857.3653048619035
2017-06-01,2910.7705718871534
2017-07-01,2940.6541508329574
2017-08-01,2938.384626724676
2017-09-01,2980.8810080596136
2017-10-01,3072.9308638332714
2017-11-01,3124.781138444856
2017-12-01,3226.131220821585
